C:\Users\Aymen\IdeaProjects\TP13913\jfreechart-master\src\test\java\org\jfree\chart\annotations\XYImageAnnotationTest.java,org.jfree.chart.annotations,XYImageAnnotationTest,3,0,0.0
C:\Users\Aymen\IdeaProjects\TP13913\jfreechart-master\src\test\java\org\jfree\chart\MeterChartTest.java,org.jfree.chart,MeterChartTest,22,0,0.0
C:\Users\Aymen\IdeaProjects\TP13913\jfreechart-master\src\test\java\org\jfree\chart\plot\dial\MyDialLayerChangeListener.java,org.jfree.chart.plot.dial,MyDialLayerChangeListener,8,0,0.0
C:\Users\Aymen\IdeaProjects\TP13913\jfreechart-master\src\test\java\org\jfree\chart\plot\MyPlotChangeListener.java,org.jfree.chart.plot,MyPlotChangeListener,19,0,0.0
C:\Users\Aymen\IdeaProjects\TP13913\jfreechart-master\src\test\java\org\jfree\chart\renderer\RendererChangeDetector.java,org.jfree.chart.renderer,RendererChangeDetector,19,0,0.0
C:\Users\Aymen\IdeaProjects\TP13913\jfreechart-master\src\test\java\org\jfree\chart\renderer\xy\RendererXYPackageUtils.java,org.jfree.chart.renderer.xy,RendererXYPackageUtils,31,0,0.0
C:\Users\Aymen\IdeaProjects\TP13913\jfreechart-master\src\test\java\org\jfree\chart\title\ImageTitleTest.java,org.jfree.chart.title,ImageTitleTest,6,0,0.0
C:\Users\Aymen\IdeaProjects\TP13913\jfreechart-master\src\test\java\org\jfree\data\DatasetChangeConfirmation.java,org.jfree.data,DatasetChangeConfirmation,10,0,0.0
C:\Users\Aymen\IdeaProjects\TP13913\jfreechart-master\src\test\java\org\jfree\data\general\IntervalDataItem.java,org.jfree.data.general,IntervalDataItem,20,0,0.0
C:\Users\Aymen\IdeaProjects\TP13913\jfreechart-master\src\test\java\org\jfree\data\general\TestIntervalCategoryDataset.java,org.jfree.data.general,TestIntervalCategoryDataset<R,193,0,0.0
C:\Users\Aymen\IdeaProjects\TP13913\jfreechart-master\src\test\java\org\jfree\data\general\TestIntervalXYZDataset.java,org.jfree.data.general,TestIntervalXYZDataset,87,0,0.0
C:\Users\Aymen\IdeaProjects\TP13913\jfreechart-master\src\test\java\org\jfree\chart\GanttChartTest.java,org.jfree.chart,GanttChartTest,174,3,0.017241379310344827
C:\Users\Aymen\IdeaProjects\TP13913\jfreechart-master\src\test\java\org\jfree\chart\WaterfallChartTest.java,org.jfree.chart,WaterfallChartTest,66,2,0.030303030303030304
C:\Users\Aymen\IdeaProjects\TP13913\jfreechart-master\src\test\java\org\jfree\chart\internal\SerialUtilsTest.java,org.jfree.chart.internal,SerialUtilsTest,72,3,0.041666666666666664
C:\Users\Aymen\IdeaProjects\TP13913\jfreechart-master\src\test\java\org\jfree\chart\XYStepChartTest.java,org.jfree.chart,XYStepChartTest,93,4,0.043010752688172046
C:\Users\Aymen\IdeaProjects\TP13913\jfreechart-master\src\test\java\org\jfree\chart\XYBarChartTest.java,org.jfree.chart,XYBarChartTest,87,4,0.04597701149425287
C:\Users\Aymen\IdeaProjects\TP13913\jfreechart-master\src\test\java\org\jfree\chart\ScatterPlotTest.java,org.jfree.chart,ScatterPlotTest,84,4,0.047619047619047616
C:\Users\Aymen\IdeaProjects\TP13913\jfreechart-master\src\test\java\org\jfree\chart\TimeSeriesChartTest.java,org.jfree.chart,TimeSeriesChartTest,84,4,0.047619047619047616
C:\Users\Aymen\IdeaProjects\TP13913\jfreechart-master\src\test\java\org\jfree\chart\XYLineChartTest.java,org.jfree.chart,XYLineChartTest,84,4,0.047619047619047616
C:\Users\Aymen\IdeaProjects\TP13913\jfreechart-master\src\test\java\org\jfree\chart\XYAreaChartTest.java,org.jfree.chart,XYAreaChartTest,83,4,0.04819277108433735
C:\Users\Aymen\IdeaProjects\TP13913\jfreechart-master\src\test\java\org\jfree\chart\XYStepAreaChartTest.java,org.jfree.chart,XYStepAreaChartTest,83,4,0.04819277108433735
C:\Users\Aymen\IdeaProjects\TP13913\jfreechart-master\src\test\java\org\jfree\chart\plot\CombinedRangeCategoryPlotTest.java,org.jfree.chart.plot,CombinedRangeCategoryPlotTest,161,8,0.049689440993788817
C:\Users\Aymen\IdeaProjects\TP13913\jfreechart-master\src\test\java\org\jfree\chart\AreaChartTest.java,org.jfree.chart,AreaChartTest,96,5,0.052083333333333336
C:\Users\Aymen\IdeaProjects\TP13913\jfreechart-master\src\test\java\org\jfree\chart\PieChartTest.java,org.jfree.chart,PieChartTest,38,2,0.05263157894736842
C:\Users\Aymen\IdeaProjects\TP13913\jfreechart-master\src\test\java\org\jfree\chart\BarChartTest.java,org.jfree.chart,BarChartTest,93,5,0.053763440860215055
C:\Users\Aymen\IdeaProjects\TP13913\jfreechart-master\src\test\java\org\jfree\chart\StackedBarChartTest.java,org.jfree.chart,StackedBarChartTest,92,5,0.05434782608695652
C:\Users\Aymen\IdeaProjects\TP13913\jfreechart-master\src\test\java\org\jfree\chart\StackedAreaChartTest.java,org.jfree.chart,StackedAreaChartTest,90,5,0.05555555555555555
C:\Users\Aymen\IdeaProjects\TP13913\jfreechart-master\src\test\java\org\jfree\chart\plot\CombinedDomainCategoryPlotTest.java,org.jfree.chart.plot,CombinedDomainCategoryPlotTest,161,9,0.055900621118012424
C:\Users\Aymen\IdeaProjects\TP13913\jfreechart-master\src\test\java\org\jfree\chart\LineChartTest.java,org.jfree.chart,LineChartTest,89,5,0.056179775280898875
C:\Users\Aymen\IdeaProjects\TP13913\jfreechart-master\src\test\java\org\jfree\chart\plot\CombinedRangeXYPlotTest.java,org.jfree.chart.plot,CombinedRangeXYPlotTest,157,9,0.05732484076433121
C:\Users\Aymen\IdeaProjects\TP13913\jfreechart-master\src\test\java\org\jfree\chart\plot\CombinedDomainXYPlotTest.java,org.jfree.chart.plot,CombinedDomainXYPlotTest,163,10,0.06134969325153374
C:\Users\Aymen\IdeaProjects\TP13913\jfreechart-master\src\test\java\org\jfree\chart\renderer\category\BoxAndWhiskerRendererTest.java,org.jfree.chart.renderer.category,BoxAndWhiskerRendererTest,387,38,0.09819121447028424
C:\Users\Aymen\IdeaProjects\TP13913\jfreechart-master\src\test\java\org\jfree\chart\axis\CategoryLabelPositionsTest.java,org.jfree.chart.axis,CategoryLabelPositionsTest,114,12,0.10526315789473684
C:\Users\Aymen\IdeaProjects\TP13913\jfreechart-master\src\test\java\org\jfree\chart\axis\StandardTickUnitSourceTest.java,org.jfree.chart.axis,StandardTickUnitSourceTest,19,2,0.10526315789473684
C:\Users\Aymen\IdeaProjects\TP13913\jfreechart-master\src\test\java\org\jfree\chart\urls\StandardXYURLGeneratorTest.java,org.jfree.chart.urls,StandardXYURLGeneratorTest,19,2,0.10526315789473684
C:\Users\Aymen\IdeaProjects\TP13913\jfreechart-master\src\test\java\org\jfree\chart\swing\ChartPanelTest.java,org.jfree.chart.swing,ChartPanelTest,216,23,0.10648148148148148
C:\Users\Aymen\IdeaProjects\TP13913\jfreechart-master\src\test\java\org\jfree\chart\axis\LogarithmicAxisTest.java,org.jfree.chart.axis,LogarithmicAxisTest,122,13,0.10655737704918032
C:\Users\Aymen\IdeaProjects\TP13913\jfreechart-master\src\test\java\org\jfree\chart\renderer\xy\XYStepRendererTest.java,org.jfree.chart.renderer.xy,XYStepRendererTest,110,12,0.10909090909090909
C:\Users\Aymen\IdeaProjects\TP13913\jfreechart-master\src\test\java\org\jfree\chart\renderer\xy\StackedXYAreaRendererTest.java,org.jfree.chart.renderer.xy,StackedXYAreaRendererTest,136,15,0.11029411764705882
C:\Users\Aymen\IdeaProjects\TP13913\jfreechart-master\src\test\java\org\jfree\chart\labels\ItemLabelPositionTest.java,org.jfree.chart.labels,ItemLabelPositionTest,18,2,0.1111111111111111
C:\Users\Aymen\IdeaProjects\TP13913\jfreechart-master\src\test\java\org\jfree\chart\renderer\category\StatisticalBarRendererTest.java,org.jfree.chart.renderer.category,StatisticalBarRendererTest,169,20,0.11834319526627218
C:\Users\Aymen\IdeaProjects\TP13913\jfreechart-master\src\test\java\org\jfree\data\statistics\RegressionTest.java,org.jfree.data.statistics,RegressionTest,134,16,0.11940298507462686
C:\Users\Aymen\IdeaProjects\TP13913\jfreechart-master\src\test\java\org\jfree\chart\imagemap\DynamicDriveToolTipTagFragmentGeneratorTest.java,org.jfree.chart.imagemap,DynamicDriveToolTipTagFragmentGeneratorTest,16,2,0.125
C:\Users\Aymen\IdeaProjects\TP13913\jfreechart-master\src\test\java\org\jfree\chart\imagemap\OverLIBToolTipTagFragmentGeneratorTest.java,org.jfree.chart.imagemap,OverLIBToolTipTagFragmentGeneratorTest,16,2,0.125
C:\Users\Aymen\IdeaProjects\TP13913\jfreechart-master\src\test\java\org\jfree\chart\internal\ArgsTest.java,org.jfree.chart.internal,ArgsTest,16,2,0.125
C:\Users\Aymen\IdeaProjects\TP13913\jfreechart-master\src\test\java\org\jfree\chart\internal\HashUtilsTest.java,org.jfree.chart.internal,HashUtilsTest,16,2,0.125
C:\Users\Aymen\IdeaProjects\TP13913\jfreechart-master\src\test\java\org\jfree\data\statistics\BoxAndWhiskerItemTest.java,org.jfree.data.statistics,BoxAndWhiskerItemTest,24,3,0.125
C:\Users\Aymen\IdeaProjects\TP13913\jfreechart-master\src\test\java\org\jfree\chart\labels\CustomXYItemLabelGeneratorTest.java,org.jfree.chart.labels,CustomXYItemLabelGeneratorTest,39,5,0.1282051282051282
C:\Users\Aymen\IdeaProjects\TP13913\jfreechart-master\src\test\java\org\jfree\chart\imagemap\StandardURLTagFragmentGeneratorTest.java,org.jfree.chart.imagemap,StandardURLTagFragmentGeneratorTest,15,2,0.13333333333333333
C:\Users\Aymen\IdeaProjects\TP13913\jfreechart-master\src\test\java\org\jfree\data\xy\XYBarDatasetTest.java,org.jfree.data.xy,XYBarDatasetTest,65,9,0.13846153846153847
C:\Users\Aymen\IdeaProjects\TP13913\jfreechart-master\src\test\java\org\jfree\data\time\FixedMillisecondTest.java,org.jfree.data.time,FixedMillisecondTest,36,5,0.1388888888888889
C:\Users\Aymen\IdeaProjects\TP13913\jfreechart-master\src\test\java\org\jfree\chart\renderer\xy\XYAreaRenderer2Test.java,org.jfree.chart.renderer.xy,XYAreaRenderer2Test,115,16,0.1391304347826087
C:\Users\Aymen\IdeaProjects\TP13913\jfreechart-master\src\test\java\org\jfree\chart\plot\MeterIntervalTest.java,org.jfree.chart.plot,MeterIntervalTest,43,6,0.13953488372093023
C:\Users\Aymen\IdeaProjects\TP13913\jfreechart-master\src\test\java\org\jfree\chart\axis\DateTickUnitTest.java,org.jfree.chart.axis,DateTickUnitTest,28,4,0.14285714285714285
C:\Users\Aymen\IdeaProjects\TP13913\jfreechart-master\src\test\java\org\jfree\chart\imagemap\StandardToolTipTagFragmentGeneratorTest.java,org.jfree.chart.imagemap,StandardToolTipTagFragmentGeneratorTest,14,2,0.14285714285714285
C:\Users\Aymen\IdeaProjects\TP13913\jfreechart-master\src\test\java\org\jfree\data\general\DefaultKeyedValues2DDatasetTest.java,org.jfree.data.general,DefaultKeyedValues2DDatasetTest,28,4,0.14285714285714285
C:\Users\Aymen\IdeaProjects\TP13913\jfreechart-master\src\test\java\org\jfree\data\general\DefaultKeyedValuesDatasetTest.java,org.jfree.data.general,DefaultKeyedValuesDatasetTest,28,4,0.14285714285714285
C:\Users\Aymen\IdeaProjects\TP13913\jfreechart-master\src\test\java\org\jfree\data\time\YearTest.java,org.jfree.data.time,YearTest,328,47,0.14329268292682926
C:\Users\Aymen\IdeaProjects\TP13913\jfreechart-master\src\test\java\org\jfree\data\category\CategoryToPieDatasetTest.java,org.jfree.data.category,CategoryToPieDatasetTest,118,17,0.1440677966101695
C:\Users\Aymen\IdeaProjects\TP13913\jfreechart-master\src\test\java\org\jfree\chart\renderer\xy\XYBubbleRendererTest.java,org.jfree.chart.renderer.xy,XYBubbleRendererTest,90,13,0.14444444444444443
C:\Users\Aymen\IdeaProjects\TP13913\jfreechart-master\src\test\java\org\jfree\data\xy\YIntervalSeriesCollectionTest.java,org.jfree.data.xy,YIntervalSeriesCollectionTest,89,13,0.14606741573033707
C:\Users\Aymen\IdeaProjects\TP13913\jfreechart-master\src\test\java\org\jfree\data\xy\OHLCDataItemTest.java,org.jfree.data.xy,OHLCDataItemTest,27,4,0.14814814814814814
C:\Users\Aymen\IdeaProjects\TP13913\jfreechart-master\src\test\java\org\jfree\chart\annotations\XYTitleAnnotationTest.java,org.jfree.chart.annotations,XYTitleAnnotationTest,87,13,0.14942528735632185
C:\Users\Aymen\IdeaProjects\TP13913\jfreechart-master\src\test\java\org\jfree\chart\annotations\XYBoxAnnotationTest.java,org.jfree.chart.annotations,XYBoxAnnotationTest,140,21,0.15
C:\Users\Aymen\IdeaProjects\TP13913\jfreechart-master\src\test\java\org\jfree\chart\labels\StandardFlowLabelGeneratorTest.java,org.jfree.chart.labels,StandardFlowLabelGeneratorTest,20,3,0.15
C:\Users\Aymen\IdeaProjects\TP13913\jfreechart-master\src\test\java\org\jfree\chart\swing\CrosshairOverlayTest.java,org.jfree.chart.swing,CrosshairOverlayTest,40,6,0.15
C:\Users\Aymen\IdeaProjects\TP13913\jfreechart-master\src\test\java\org\jfree\data\category\DefaultIntervalCategoryDatasetTest.java,org.jfree.data.category,DefaultIntervalCategoryDatasetTest,304,46,0.1513157894736842
C:\Users\Aymen\IdeaProjects\TP13913\jfreechart-master\src\test\java\org\jfree\data\statistics\HistogramBinTest.java,org.jfree.data.statistics,HistogramBinTest,33,5,0.15151515151515152
C:\Users\Aymen\IdeaProjects\TP13913\jfreechart-master\src\test\java\org\jfree\data\time\WeekTest.java,org.jfree.data.time,WeekTest,460,71,0.15434782608695652
C:\Users\Aymen\IdeaProjects\TP13913\jfreechart-master\src\test\java\org\jfree\data\time\QuarterTest.java,org.jfree.data.time,QuarterTest,388,60,0.15463917525773196
C:\Users\Aymen\IdeaProjects\TP13913\jfreechart-master\src\test\java\org\jfree\data\time\MonthTest.java,org.jfree.data.time,MonthTest,374,58,0.15508021390374332
C:\Users\Aymen\IdeaProjects\TP13913\jfreechart-master\src\test\java\org\jfree\chart\renderer\category\IntervalBarRendererTest.java,org.jfree.chart.renderer.category,IntervalBarRendererTest,89,14,0.15730337078651685
C:\Users\Aymen\IdeaProjects\TP13913\jfreechart-master\src\test\java\org\jfree\data\gantt\SlidingGanttCategoryDatasetTest.java,org.jfree.data.gantt,SlidingGanttCategoryDatasetTest,108,17,0.1574074074074074
C:\Users\Aymen\IdeaProjects\TP13913\jfreechart-master\src\test\java\org\jfree\data\function\PolynomialFunction2DTest.java,org.jfree.data.function,PolynomialFunction2DTest,63,10,0.15873015873015872
C:\Users\Aymen\IdeaProjects\TP13913\jfreechart-master\src\test\java\org\jfree\data\statistics\StatisticsTest.java,org.jfree.data.statistics,StatisticsTest,296,47,0.15878378378378377
C:\Users\Aymen\IdeaProjects\TP13913\jfreechart-master\src\test\java\org\jfree\chart\renderer\category\LevelRendererTest.java,org.jfree.chart.renderer.category,LevelRendererTest,107,17,0.1588785046728972
C:\Users\Aymen\IdeaProjects\TP13913\jfreechart-master\src\test\java\org\jfree\chart\JFreeChartTest.java,org.jfree.chart,JFreeChartTest,295,47,0.15932203389830507
C:\Users\Aymen\IdeaProjects\TP13913\jfreechart-master\src\test\java\org\jfree\chart\renderer\category\LayeredBarRendererTest.java,org.jfree.chart.renderer.category,LayeredBarRendererTest,75,12,0.16
C:\Users\Aymen\IdeaProjects\TP13913\jfreechart-master\src\test\java\org\jfree\chart\LegendItemCollectionTest.java,org.jfree.chart,LegendItemCollectionTest,56,9,0.16071428571428573
C:\Users\Aymen\IdeaProjects\TP13913\jfreechart-master\src\test\java\org\jfree\chart\renderer\category\AreaRendererTest.java,org.jfree.chart.renderer.category,AreaRendererTest,80,13,0.1625
C:\Users\Aymen\IdeaProjects\TP13913\jfreechart-master\src\test\java\org\jfree\chart\internal\CloneUtilsTest.java,org.jfree.chart.internal,CloneUtilsTest,30,5,0.16666666666666666
C:\Users\Aymen\IdeaProjects\TP13913\jfreechart-master\src\test\java\org\jfree\chart\renderer\category\GroupedStackedBarRendererTest.java,org.jfree.chart.renderer.category,GroupedStackedBarRendererTest,96,16,0.16666666666666666
C:\Users\Aymen\IdeaProjects\TP13913\jfreechart-master\src\test\java\org\jfree\chart\renderer\category\StandardBarPainterTest.java,org.jfree.chart.renderer.category,StandardBarPainterTest,36,6,0.16666666666666666
C:\Users\Aymen\IdeaProjects\TP13913\jfreechart-master\src\test\java\org\jfree\chart\renderer\xy\StackedXYAreaRenderer2Test.java,org.jfree.chart.renderer.xy,StackedXYAreaRenderer2Test,96,16,0.16666666666666666
C:\Users\Aymen\IdeaProjects\TP13913\jfreechart-master\src\test\java\org\jfree\chart\renderer\xy\StandardXYBarPainterTest.java,org.jfree.chart.renderer.xy,StandardXYBarPainterTest,36,6,0.16666666666666666
C:\Users\Aymen\IdeaProjects\TP13913\jfreechart-master\src\test\java\org\jfree\data\function\NormalDistributionFunction2DTest.java,org.jfree.data.function,NormalDistributionFunction2DTest,42,7,0.16666666666666666
C:\Users\Aymen\IdeaProjects\TP13913\jfreechart-master\src\test\java\org\jfree\data\time\ohlc\OHLCSeriesCollectionTest.java,org.jfree.data.time.ohlc,OHLCSeriesCollectionTest,138,23,0.16666666666666666
C:\Users\Aymen\IdeaProjects\TP13913\jfreechart-master\src\test\java\org\jfree\chart\internal\ShapeUtilsTest.java,org.jfree.chart.internal,ShapeUtilsTest,65,11,0.16923076923076924
C:\Users\Aymen\IdeaProjects\TP13913\jfreechart-master\src\test\java\org\jfree\data\time\DayTest.java,org.jfree.data.time,DayTest,360,61,0.16944444444444445
C:\Users\Aymen\IdeaProjects\TP13913\jfreechart-master\src\test\java\org\jfree\chart\annotations\XYShapeAnnotationTest.java,org.jfree.chart.annotations,XYShapeAnnotationTest,100,17,0.17
C:\Users\Aymen\IdeaProjects\TP13913\jfreechart-master\src\test\java\org\jfree\data\xy\XIntervalSeriesCollectionTest.java,org.jfree.data.xy,XIntervalSeriesCollectionTest,100,17,0.17
C:\Users\Aymen\IdeaProjects\TP13913\jfreechart-master\src\test\java\org\jfree\chart\renderer\category\MinMaxCategoryRendererTest.java,org.jfree.chart.renderer.category,MinMaxCategoryRendererTest,82,14,0.17073170731707318
C:\Users\Aymen\IdeaProjects\TP13913\jfreechart-master\src\test\java\org\jfree\chart\entity\CategoryItemEntityTest.java,org.jfree.chart.entity,CategoryItemEntityTest,64,11,0.171875
C:\Users\Aymen\IdeaProjects\TP13913\jfreechart-master\src\test\java\org\jfree\chart\entity\StandardEntityCollectionTest.java,org.jfree.chart.entity,StandardEntityCollectionTest,52,9,0.17307692307692307
C:\Users\Aymen\IdeaProjects\TP13913\jfreechart-master\src\test\java\org\jfree\chart\annotations\XYDrawableAnnotationTest.java,org.jfree.chart.annotations,XYDrawableAnnotationTest,103,18,0.17475728155339806
C:\Users\Aymen\IdeaProjects\TP13913\jfreechart-master\src\test\java\org\jfree\chart\labels\ItemLabelAnchorTest.java,org.jfree.chart.labels,ItemLabelAnchorTest,17,3,0.17647058823529413
C:\Users\Aymen\IdeaProjects\TP13913\jfreechart-master\src\test\java\org\jfree\chart\urls\CustomPieURLGeneratorTest.java,org.jfree.chart.urls,CustomPieURLGeneratorTest,51,9,0.17647058823529413
C:\Users\Aymen\IdeaProjects\TP13913\jfreechart-master\src\test\java\org\jfree\chart\renderer\category\CategoryStepRendererTest.java,org.jfree.chart.renderer.category,CategoryStepRendererTest,62,11,0.1774193548387097
C:\Users\Aymen\IdeaProjects\TP13913\jfreechart-master\src\test\java\org\jfree\data\xy\XYIntervalSeriesCollectionTest.java,org.jfree.data.xy,XYIntervalSeriesCollectionTest,95,17,0.17894736842105263
C:\Users\Aymen\IdeaProjects\TP13913\jfreechart-master\src\test\java\org\jfree\chart\LegendItemTest.java,org.jfree.chart,LegendItemTest,257,46,0.17898832684824903
C:\Users\Aymen\IdeaProjects\TP13913\jfreechart-master\src\test\java\org\jfree\chart\axis\SubCategoryAxisTest.java,org.jfree.chart.axis,SubCategoryAxisTest,78,14,0.1794871794871795
C:\Users\Aymen\IdeaProjects\TP13913\jfreechart-master\src\test\java\org\jfree\chart\axis\TickUnitsTest.java,org.jfree.chart.axis,TickUnitsTest,33,6,0.18181818181818182
C:\Users\Aymen\IdeaProjects\TP13913\jfreechart-master\src\test\java\org\jfree\chart\block\BlockBorderTest.java,org.jfree.chart.block,BlockBorderTest,44,8,0.18181818181818182
C:\Users\Aymen\IdeaProjects\TP13913\jfreechart-master\src\test\java\org\jfree\chart\renderer\category\DefaultCategoryItemRendererTest.java,org.jfree.chart.renderer.category,DefaultCategoryItemRendererTest,44,8,0.18181818181818182
C:\Users\Aymen\IdeaProjects\TP13913\jfreechart-master\src\test\java\org\jfree\chart\labels\StandardCategorySeriesLabelGeneratorTest.java,org.jfree.chart.labels,StandardCategorySeriesLabelGeneratorTest,65,12,0.18461538461538463
C:\Users\Aymen\IdeaProjects\TP13913\jfreechart-master\src\test\java\org\jfree\chart\labels\IntervalCategoryToolTipGeneratorTest.java,org.jfree.chart.labels,IntervalCategoryToolTipGeneratorTest,75,14,0.18666666666666668
C:\Users\Aymen\IdeaProjects\TP13913\jfreechart-master\src\test\java\org\jfree\chart\annotations\XYPolygonAnnotationTest.java,org.jfree.chart.annotations,XYPolygonAnnotationTest,91,17,0.18681318681318682
C:\Users\Aymen\IdeaProjects\TP13913\jfreechart-master\src\test\java\org\jfree\data\time\TimeSeriesDataItemTest.java,org.jfree.data.time,TimeSeriesDataItemTest,32,6,0.1875
C:\Users\Aymen\IdeaProjects\TP13913\jfreechart-master\src\test\java\org\jfree\data\xy\DefaultHighLowDatasetTest.java,org.jfree.data.xy,DefaultHighLowDatasetTest,111,21,0.1891891891891892
C:\Users\Aymen\IdeaProjects\TP13913\jfreechart-master\src\test\java\org\jfree\data\xy\MatrixSeriesCollectionTest.java,org.jfree.data.xy,MatrixSeriesCollectionTest,52,10,0.19230769230769232
C:\Users\Aymen\IdeaProjects\TP13913\jfreechart-master\src\test\java\org\jfree\chart\renderer\xy\StackedXYBarRendererTest.java,org.jfree.chart.renderer.xy,StackedXYBarRendererTest,93,18,0.1935483870967742
C:\Users\Aymen\IdeaProjects\TP13913\jfreechart-master\src\test\java\org\jfree\data\KeyedObjects2DTest.java,org.jfree.data,KeyedObjects2DTest,263,51,0.19391634980988592
C:\Users\Aymen\IdeaProjects\TP13913\jfreechart-master\src\test\java\org\jfree\data\function\LineFunction2DTest.java,org.jfree.data.function,LineFunction2DTest,36,7,0.19444444444444445
C:\Users\Aymen\IdeaProjects\TP13913\jfreechart-master\src\test\java\org\jfree\chart\renderer\xy\WindItemRendererTest.java,org.jfree.chart.renderer.xy,WindItemRendererTest,41,8,0.1951219512195122
C:\Users\Aymen\IdeaProjects\TP13913\jfreechart-master\src\test\java\org\jfree\data\time\HourTest.java,org.jfree.data.time,HourTest,328,64,0.1951219512195122
C:\Users\Aymen\IdeaProjects\TP13913\jfreechart-master\src\test\java\org\jfree\data\time\MovingAverageTest.java,org.jfree.data.time,MovingAverageTest,41,8,0.1951219512195122
C:\Users\Aymen\IdeaProjects\TP13913\jfreechart-master\src\test\java\org\jfree\chart\renderer\xy\XYBoxAndWhiskerRendererTest.java,org.jfree.chart.renderer.xy,XYBoxAndWhiskerRendererTest,92,18,0.1956521739130435
C:\Users\Aymen\IdeaProjects\TP13913\jfreechart-master\src\test\java\org\jfree\chart\labels\StandardCategoryItemLabelGeneratorTest.java,org.jfree.chart.labels,StandardCategoryItemLabelGeneratorTest,97,19,0.1958762886597938
C:\Users\Aymen\IdeaProjects\TP13913\jfreechart-master\src\test\java\org\jfree\chart\axis\CategoryLabelPositionTest.java,org.jfree.chart.axis,CategoryLabelPositionTest,85,17,0.2
C:\Users\Aymen\IdeaProjects\TP13913\jfreechart-master\src\test\java\org\jfree\chart\block\LineBorderTest.java,org.jfree.chart.block,LineBorderTest,50,10,0.2
C:\Users\Aymen\IdeaProjects\TP13913\jfreechart-master\src\test\java\org\jfree\chart\labels\StandardCategoryToolTipGeneratorTest.java,org.jfree.chart.labels,StandardCategoryToolTipGeneratorTest,80,16,0.2
C:\Users\Aymen\IdeaProjects\TP13913\jfreechart-master\src\test\java\org\jfree\chart\renderer\xy\ClusteredXYBarRendererTest.java,org.jfree.chart.renderer.xy,ClusteredXYBarRendererTest,90,18,0.2
C:\Users\Aymen\IdeaProjects\TP13913\jfreechart-master\src\test\java\org\jfree\chart\renderer\xy\XYDifferenceRendererTest.java,org.jfree.chart.renderer.xy,XYDifferenceRendererTest,115,23,0.2
C:\Users\Aymen\IdeaProjects\TP13913\jfreechart-master\src\test\java\org\jfree\chart\renderer\xy\XYDotRendererTest.java,org.jfree.chart.renderer.xy,XYDotRendererTest,95,19,0.2
C:\Users\Aymen\IdeaProjects\TP13913\jfreechart-master\src\test\java\org\jfree\data\function\PowerFunction2DTest.java,org.jfree.data.function,PowerFunction2DTest,35,7,0.2
C:\Users\Aymen\IdeaProjects\TP13913\jfreechart-master\src\test\java\org\jfree\chart\axis\LogAxisTest.java,org.jfree.chart.axis,LogAxisTest,174,35,0.20114942528735633
C:\Users\Aymen\IdeaProjects\TP13913\jfreechart-master\src\test\java\org\jfree\data\time\MinuteTest.java,org.jfree.data.time,MinuteTest,318,64,0.20125786163522014
C:\Users\Aymen\IdeaProjects\TP13913\jfreechart-master\src\test\java\org\jfree\data\xy\TableXYDatasetTest.java,org.jfree.data.xy,TableXYDatasetTest,139,28,0.2014388489208633
C:\Users\Aymen\IdeaProjects\TP13913\jfreechart-master\src\test\java\org\jfree\chart\urls\CustomCategoryURLGeneratorTest.java,org.jfree.chart.urls,CustomCategoryURLGeneratorTest,84,17,0.20238095238095238
C:\Users\Aymen\IdeaProjects\TP13913\jfreechart-master\src\test\java\org\jfree\chart\urls\CustomXYURLGeneratorTest.java,org.jfree.chart.urls,CustomXYURLGeneratorTest,84,17,0.20238095238095238
C:\Users\Aymen\IdeaProjects\TP13913\jfreechart-master\src\test\java\org\jfree\chart\labels\BoxAndWhiskerXYToolTipGeneratorTest.java,org.jfree.chart.labels,BoxAndWhiskerXYToolTipGeneratorTest,74,15,0.20270270270270271
C:\Users\Aymen\IdeaProjects\TP13913\jfreechart-master\src\test\java\org\jfree\chart\labels\IntervalCategoryItemLabelGeneratorTest.java,org.jfree.chart.labels,IntervalCategoryItemLabelGeneratorTest,64,13,0.203125
C:\Users\Aymen\IdeaProjects\TP13913\jfreechart-master\src\test\java\org\jfree\chart\labels\StandardXYSeriesLabelGeneratorTest.java,org.jfree.chart.labels,StandardXYSeriesLabelGeneratorTest,64,13,0.203125
C:\Users\Aymen\IdeaProjects\TP13913\jfreechart-master\src\test\java\org\jfree\chart\renderer\category\StatisticalLineAndShapeRendererTest.java,org.jfree.chart.renderer.category,StatisticalLineAndShapeRendererTest,108,22,0.2037037037037037
C:\Users\Aymen\IdeaProjects\TP13913\jfreechart-master\src\test\java\org\jfree\data\statistics\BoxAndWhiskerCalculatorTest.java,org.jfree.data.statistics,BoxAndWhiskerCalculatorTest,93,19,0.20430107526881722
C:\Users\Aymen\IdeaProjects\TP13913\jfreechart-master\src\test\java\org\jfree\data\time\TimePeriodValueTest.java,org.jfree.data.time,TimePeriodValueTest,34,7,0.20588235294117646
C:\Users\Aymen\IdeaProjects\TP13913\jfreechart-master\src\test\java\org\jfree\chart\renderer\xy\XYStepAreaRendererTest.java,org.jfree.chart.renderer.xy,XYStepAreaRendererTest,97,20,0.20618556701030927
C:\Users\Aymen\IdeaProjects\TP13913\jfreechart-master\src\test\java\org\jfree\chart\axis\CategoryLabelWidthTypeTest.java,org.jfree.chart.axis,CategoryLabelWidthTypeTest,29,6,0.20689655172413793
C:\Users\Aymen\IdeaProjects\TP13913\jfreechart-master\src\test\java\org\jfree\data\category\DefaultCategoryDatasetTest.java,org.jfree.data.category,DefaultCategoryDatasetTest,246,51,0.2073170731707317
C:\Users\Aymen\IdeaProjects\TP13913\jfreechart-master\src\test\java\org\jfree\data\gantt\XYTaskDatasetTest.java,org.jfree.data.gantt,XYTaskDatasetTest,72,15,0.20833333333333334
C:\Users\Aymen\IdeaProjects\TP13913\jfreechart-master\src\test\java\org\jfree\data\general\DefaultPieDatasetTest.java,org.jfree.data.general,DefaultPieDatasetTest,96,20,0.20833333333333334
C:\Users\Aymen\IdeaProjects\TP13913\jfreechart-master\src\test\java\org\jfree\chart\renderer\category\LineAndShapeRendererTest.java,org.jfree.chart.renderer.category,LineAndShapeRendererTest,177,37,0.20903954802259886
C:\Users\Aymen\IdeaProjects\TP13913\jfreechart-master\src\test\java\org\jfree\chart\renderer\xy\XYAreaRendererTest.java,org.jfree.chart.renderer.xy,XYAreaRendererTest,153,32,0.20915032679738563
C:\Users\Aymen\IdeaProjects\TP13913\jfreechart-master\src\test\java\org\jfree\chart\labels\SymbolicXYItemLabelGeneratorTest.java,org.jfree.chart.labels,SymbolicXYItemLabelGeneratorTest,43,9,0.20930232558139536
C:\Users\Aymen\IdeaProjects\TP13913\jfreechart-master\src\test\java\org\jfree\chart\renderer\xy\AbstractXYItemRendererTest.java,org.jfree.chart.renderer.xy,AbstractXYItemRendererTest,95,20,0.21052631578947367
C:\Users\Aymen\IdeaProjects\TP13913\jfreechart-master\src\test\java\org\jfree\data\statistics\DefaultMultiValueCategoryDatasetTest.java,org.jfree.data.statistics,DefaultMultiValueCategoryDatasetTest,152,32,0.21052631578947367
C:\Users\Aymen\IdeaProjects\TP13913\jfreechart-master\src\test\java\org\jfree\chart\plot\compass\LineNeedleTest.java,org.jfree.chart.plot.compass,LineNeedleTest,28,6,0.21428571428571427
C:\Users\Aymen\IdeaProjects\TP13913\jfreechart-master\src\test\java\org\jfree\chart\plot\compass\LongNeedleTest.java,org.jfree.chart.plot.compass,LongNeedleTest,28,6,0.21428571428571427
C:\Users\Aymen\IdeaProjects\TP13913\jfreechart-master\src\test\java\org\jfree\chart\plot\compass\MiddlePinNeedleTest.java,org.jfree.chart.plot.compass,MiddlePinNeedleTest,28,6,0.21428571428571427
C:\Users\Aymen\IdeaProjects\TP13913\jfreechart-master\src\test\java\org\jfree\chart\plot\compass\PinNeedleTest.java,org.jfree.chart.plot.compass,PinNeedleTest,28,6,0.21428571428571427
C:\Users\Aymen\IdeaProjects\TP13913\jfreechart-master\src\test\java\org\jfree\chart\plot\compass\PlumNeedleTest.java,org.jfree.chart.plot.compass,PlumNeedleTest,28,6,0.21428571428571427
C:\Users\Aymen\IdeaProjects\TP13913\jfreechart-master\src\test\java\org\jfree\chart\plot\compass\PointerNeedleTest.java,org.jfree.chart.plot.compass,PointerNeedleTest,28,6,0.21428571428571427
C:\Users\Aymen\IdeaProjects\TP13913\jfreechart-master\src\test\java\org\jfree\chart\plot\compass\ShipNeedleTest.java,org.jfree.chart.plot.compass,ShipNeedleTest,28,6,0.21428571428571427
C:\Users\Aymen\IdeaProjects\TP13913\jfreechart-master\src\test\java\org\jfree\chart\plot\compass\WindNeedleTest.java,org.jfree.chart.plot.compass,WindNeedleTest,28,6,0.21428571428571427
C:\Users\Aymen\IdeaProjects\TP13913\jfreechart-master\src\test\java\org\jfree\data\xy\IntervalXYDelegateTest.java,org.jfree.data.xy,IntervalXYDelegateTest,56,12,0.21428571428571427
C:\Users\Aymen\IdeaProjects\TP13913\jfreechart-master\src\test\java\org\jfree\chart\plot\dial\DialPlotTest.java,org.jfree.chart.plot.dial,DialPlotTest,172,37,0.21511627906976744
C:\Users\Aymen\IdeaProjects\TP13913\jfreechart-master\src\test\java\org\jfree\chart\urls\TimeSeriesURLGeneratorTest.java,org.jfree.chart.urls,TimeSeriesURLGeneratorTest,65,14,0.2153846153846154
C:\Users\Aymen\IdeaProjects\TP13913\jfreechart-master\src\test\java\org\jfree\chart\block\GridArrangementTest.java,org.jfree.chart.block,GridArrangementTest,176,38,0.2159090909090909
C:\Users\Aymen\IdeaProjects\TP13913\jfreechart-master\src\test\java\org\jfree\data\ComparableObjectItemTest.java,org.jfree.data,ComparableObjectItemTest,60,13,0.21666666666666667
C:\Users\Aymen\IdeaProjects\TP13913\jfreechart-master\src\test\java\org\jfree\data\xy\DefaultXYZDatasetTest.java,org.jfree.data.xy,DefaultXYZDatasetTest,129,28,0.21705426356589147
C:\Users\Aymen\IdeaProjects\TP13913\jfreechart-master\src\test\java\org\jfree\data\xy\DefaultOHLCDatasetTest.java,org.jfree.data.xy,DefaultOHLCDatasetTest,78,17,0.21794871794871795
C:\Users\Aymen\IdeaProjects\TP13913\jfreechart-master\src\test\java\org\jfree\chart\labels\BoxAndWhiskerToolTipGeneratorTest.java,org.jfree.chart.labels,BoxAndWhiskerToolTipGeneratorTest,55,12,0.21818181818181817
C:\Users\Aymen\IdeaProjects\TP13913\jfreechart-master\src\test\java\org\jfree\chart\axis\NumberTickUnitTest.java,org.jfree.chart.axis,NumberTickUnitTest,41,9,0.21951219512195122
C:\Users\Aymen\IdeaProjects\TP13913\jfreechart-master\src\test\java\org\jfree\data\time\SecondTest.java,org.jfree.data.time,SecondTest,314,69,0.2197452229299363
C:\Users\Aymen\IdeaProjects\TP13913\jfreechart-master\src\test\java\org\jfree\chart\axis\CategoryTickTest.java,org.jfree.chart.axis,CategoryTickTest,77,17,0.22077922077922077
C:\Users\Aymen\IdeaProjects\TP13913\jfreechart-master\src\test\java\org\jfree\data\time\SimpleTimePeriodTest.java,org.jfree.data.time,SimpleTimePeriodTest,95,21,0.22105263157894736
C:\Users\Aymen\IdeaProjects\TP13913\jfreechart-master\src\test\java\org\jfree\data\statistics\SimpleHistogramDatasetTest.java,org.jfree.data.statistics,SimpleHistogramDatasetTest,54,12,0.2222222222222222
C:\Users\Aymen\IdeaProjects\TP13913\jfreechart-master\src\test\java\org\jfree\data\time\TimePeriodAnchorTest.java,org.jfree.data.time,TimePeriodAnchorTest,18,4,0.2222222222222222
C:\Users\Aymen\IdeaProjects\TP13913\jfreechart-master\src\test\java\org\jfree\chart\axis\PeriodAxisLabelInfoTest.java,org.jfree.chart.axis,PeriodAxisLabelInfoTest,116,26,0.22413793103448276
C:\Users\Aymen\IdeaProjects\TP13913\jfreechart-master\src\test\java\org\jfree\chart\axis\ModuloAxisTest.java,org.jfree.chart.axis,ModuloAxisTest,40,9,0.225
C:\Users\Aymen\IdeaProjects\TP13913\jfreechart-master\src\test\java\org\jfree\chart\renderer\xy\StandardXYItemRendererTest.java,org.jfree.chart.renderer.xy,StandardXYItemRendererTest,160,36,0.225
C:\Users\Aymen\IdeaProjects\TP13913\jfreechart-master\src\test\java\org\jfree\chart\title\ShortTextTitleTest.java,org.jfree.chart.title,ShortTextTitleTest,40,9,0.225
C:\Users\Aymen\IdeaProjects\TP13913\jfreechart-master\src\test\java\org\jfree\chart\plot\MarkerTest.java,org.jfree.chart.plot,MarkerTest,244,55,0.22540983606557377
C:\Users\Aymen\IdeaProjects\TP13913\jfreechart-master\src\test\java\org\jfree\chart\axis\QuarterDateFormatTest.java,org.jfree.chart.axis,QuarterDateFormatTest,62,14,0.22580645161290322
C:\Users\Aymen\IdeaProjects\TP13913\jfreechart-master\src\test\java\org\jfree\chart\labels\StandardPieSectionLabelGeneratorTest.java,org.jfree.chart.labels,StandardPieSectionLabelGeneratorTest,84,19,0.2261904761904762
C:\Users\Aymen\IdeaProjects\TP13913\jfreechart-master\src\test\java\org\jfree\chart\block\ColumnArrangementTest.java,org.jfree.chart.block,ColumnArrangementTest,53,12,0.22641509433962265
C:\Users\Aymen\IdeaProjects\TP13913\jfreechart-master\src\test\java\org\jfree\chart\block\FlowArrangementTest.java,org.jfree.chart.block,FlowArrangementTest,53,12,0.22641509433962265
C:\Users\Aymen\IdeaProjects\TP13913\jfreechart-master\src\test\java\org\jfree\data\time\TimePeriodValuesTest.java,org.jfree.data.time,TimePeriodValuesTest,172,39,0.22674418604651161
C:\Users\Aymen\IdeaProjects\TP13913\jfreechart-master\src\test\java\org\jfree\data\xy\DefaultXYDatasetTest.java,org.jfree.data.xy,DefaultXYDatasetTest,123,28,0.22764227642276422
C:\Users\Aymen\IdeaProjects\TP13913\jfreechart-master\src\test\java\org\jfree\data\gantt\TaskSeriesTest.java,org.jfree.data.gantt,TaskSeriesTest,57,13,0.22807017543859648
C:\Users\Aymen\IdeaProjects\TP13913\jfreechart-master\src\test\java\org\jfree\data\DefaultKeyedValues2DTest.java,org.jfree.data,DefaultKeyedValues2DTest,210,48,0.22857142857142856
C:\Users\Aymen\IdeaProjects\TP13913\jfreechart-master\src\test\java\org\jfree\chart\title\CompositeTitleTest.java,org.jfree.chart.title,CompositeTitleTest,83,19,0.2289156626506024
C:\Users\Aymen\IdeaProjects\TP13913\jfreechart-master\src\test\java\org\jfree\chart\plot\CategoryMarkerTest.java,org.jfree.chart.plot,CategoryMarkerTest,109,25,0.22935779816513763
C:\Users\Aymen\IdeaProjects\TP13913\jfreechart-master\src\test\java\org\jfree\chart\annotations\CategoryTextAnnotationTest.java,org.jfree.chart.annotations,CategoryTextAnnotationTest,61,14,0.22950819672131148
C:\Users\Aymen\IdeaProjects\TP13913\jfreechart-master\src\test\java\org\jfree\data\xy\DefaultWindDatasetTest.java,org.jfree.data.xy,DefaultWindDatasetTest,91,21,0.23076923076923078
C:\Users\Aymen\IdeaProjects\TP13913\jfreechart-master\src\test\java\org\jfree\chart\labels\HighLowItemLabelGeneratorTest.java,org.jfree.chart.labels,HighLowItemLabelGeneratorTest,56,13,0.23214285714285715
C:\Users\Aymen\IdeaProjects\TP13913\jfreechart-master\src\test\java\org\jfree\data\time\DateRangeTest.java,org.jfree.data.time,DateRangeTest,43,10,0.23255813953488372
C:\Users\Aymen\IdeaProjects\TP13913\jfreechart-master\src\test\java\org\jfree\chart\plot\flow\FlowPlotTest.java,org.jfree.chart.plot.flow,FlowPlotTest,180,42,0.23333333333333334
C:\Users\Aymen\IdeaProjects\TP13913\jfreechart-master\src\test\java\org\jfree\chart\renderer\xy\HighLowRendererTest.java,org.jfree.chart.renderer.xy,HighLowRendererTest,94,22,0.23404255319148937
C:\Users\Aymen\IdeaProjects\TP13913\jfreechart-master\src\test\java\org\jfree\chart\renderer\xy\VectorRendererTest.java,org.jfree.chart.renderer.xy,VectorRendererTest,47,11,0.23404255319148937
C:\Users\Aymen\IdeaProjects\TP13913\jfreechart-master\src\test\java\org\jfree\data\time\MillisecondTest.java,org.jfree.data.time,MillisecondTest,335,79,0.23582089552238805
C:\Users\Aymen\IdeaProjects\TP13913\jfreechart-master\src\test\java\org\jfree\chart\text\format\RelativeDateFormatTest.java,org.jfree.chart.text.format,RelativeDateFormatTest,127,30,0.23622047244094488
C:\Users\Aymen\IdeaProjects\TP13913\jfreechart-master\src\test\java\org\jfree\chart\urls\StandardCategoryURLGeneratorTest.java,org.jfree.chart.urls,StandardCategoryURLGeneratorTest,55,13,0.23636363636363636
C:\Users\Aymen\IdeaProjects\TP13913\jfreechart-master\src\test\java\org\jfree\chart\renderer\xy\XYBlockRendererTest.java,org.jfree.chart.renderer.xy,XYBlockRendererTest,114,27,0.23684210526315788
C:\Users\Aymen\IdeaProjects\TP13913\jfreechart-master\src\test\java\org\jfree\chart\block\EmptyBlockTest.java,org.jfree.chart.block,EmptyBlockTest,42,10,0.23809523809523808
C:\Users\Aymen\IdeaProjects\TP13913\jfreechart-master\src\test\java\org\jfree\chart\renderer\AreaRendererEndTypeTest.java,org.jfree.chart.renderer,AreaRendererEndTypeTest,21,5,0.23809523809523808
C:\Users\Aymen\IdeaProjects\TP13913\jfreechart-master\src\test\java\org\jfree\chart\renderer\xy\XYBarRendererTest.java,org.jfree.chart.renderer.xy,XYBarRendererTest,231,55,0.23809523809523808
C:\Users\Aymen\IdeaProjects\TP13913\jfreechart-master\src\test\java\org\jfree\data\time\TimePeriodValuesCollectionTest.java,org.jfree.data.time,TimePeriodValuesCollectionTest,109,26,0.23853211009174313
C:\Users\Aymen\IdeaProjects\TP13913\jfreechart-master\src\test\java\org\jfree\chart\renderer\category\GanttRendererTest.java,org.jfree.chart.renderer.category,GanttRendererTest,67,16,0.23880597014925373
C:\Users\Aymen\IdeaProjects\TP13913\jfreechart-master\src\test\java\org\jfree\chart\annotations\TextAnnotationTest.java,org.jfree.chart.annotations,TextAnnotationTest,92,22,0.2391304347826087
C:\Users\Aymen\IdeaProjects\TP13913\jfreechart-master\src\test\java\org\jfree\chart\renderer\xy\DeviationRendererTest.java,org.jfree.chart.renderer.xy,DeviationRendererTest,46,11,0.2391304347826087
C:\Users\Aymen\IdeaProjects\TP13913\jfreechart-master\src\test\java\org\jfree\chart\renderer\xy\DeviationStepRendererTest.java,org.jfree.chart.renderer.xy,DeviationStepRendererTest,46,11,0.2391304347826087
C:\Users\Aymen\IdeaProjects\TP13913\jfreechart-master\src\test\java\org\jfree\chart\block\ColorBlockTest.java,org.jfree.chart.block,ColorBlockTest,58,14,0.2413793103448276
C:\Users\Aymen\IdeaProjects\TP13913\jfreechart-master\src\test\java\org\jfree\chart\plot\XYPlotTest.java,org.jfree.chart.plot,XYPlotTest,994,240,0.2414486921529175
C:\Users\Aymen\IdeaProjects\TP13913\jfreechart-master\src\test\java\org\jfree\chart\axis\DateAxisTest.java,org.jfree.chart.axis,DateAxisTest,840,203,0.24166666666666667
C:\Users\Aymen\IdeaProjects\TP13913\jfreechart-master\src\test\java\org\jfree\chart\plot\CategoryPlotTest.java,org.jfree.chart.plot,CategoryPlotTest,905,219,0.2419889502762431
C:\Users\Aymen\IdeaProjects\TP13913\jfreechart-master\src\test\java\org\jfree\chart\axis\MonthDateFormatTest.java,org.jfree.chart.axis,MonthDateFormatTest,74,18,0.24324324324324326
C:\Users\Aymen\IdeaProjects\TP13913\jfreechart-master\src\test\java\org\jfree\chart\plot\DefaultDrawingSupplierTest.java,org.jfree.chart.plot,DefaultDrawingSupplierTest,111,27,0.24324324324324326
C:\Users\Aymen\IdeaProjects\TP13913\jfreechart-master\src\test\java\org\jfree\chart\renderer\category\ScatterRendererTest.java,org.jfree.chart.renderer.category,ScatterRendererTest,115,28,0.24347826086956523
C:\Users\Aymen\IdeaProjects\TP13913\jfreechart-master\src\test\java\org\jfree\data\xy\VectorTest.java,org.jfree.data.xy,VectorTest,41,10,0.24390243902439024
C:\Users\Aymen\IdeaProjects\TP13913\jfreechart-master\src\test\java\org\jfree\data\xy\XYCoordinateTest.java,org.jfree.data.xy,XYCoordinateTest,41,10,0.24390243902439024
C:\Users\Aymen\IdeaProjects\TP13913\jfreechart-master\src\test\java\org\jfree\data\category\SlidingCategoryDatasetTest.java,org.jfree.data.category,SlidingCategoryDatasetTest,172,42,0.2441860465116279
C:\Users\Aymen\IdeaProjects\TP13913\jfreechart-master\src\test\java\org\jfree\data\general\DefaultKeyedValueDatasetTest.java,org.jfree.data.general,DefaultKeyedValueDatasetTest,45,11,0.24444444444444444
C:\Users\Aymen\IdeaProjects\TP13913\jfreechart-master\src\test\java\org\jfree\chart\axis\NumberAxisTest.java,org.jfree.chart.axis,NumberAxisTest,220,54,0.24545454545454545
C:\Users\Aymen\IdeaProjects\TP13913\jfreechart-master\src\test\java\org\jfree\data\flow\DefaultFlowDatasetTest.java,org.jfree.data.flow,DefaultFlowDatasetTest,57,14,0.24561403508771928
C:\Users\Aymen\IdeaProjects\TP13913\jfreechart-master\src\test\java\org\jfree\chart\ChartRenderingInfoTest.java,org.jfree.chart,ChartRenderingInfoTest,65,16,0.24615384615384617
C:\Users\Aymen\IdeaProjects\TP13913\jfreechart-master\src\test\java\org\jfree\chart\plot\IntervalMarkerTest.java,org.jfree.chart.plot,IntervalMarkerTest,73,18,0.2465753424657534
C:\Users\Aymen\IdeaProjects\TP13913\jfreechart-master\src\test\java\org\jfree\data\time\ohlc\OHLCSeriesTest.java,org.jfree.data.time.ohlc,OHLCSeriesTest,146,36,0.2465753424657534
C:\Users\Aymen\IdeaProjects\TP13913\jfreechart-master\src\test\java\org\jfree\data\KeyedObjectsTest.java,org.jfree.data,KeyedObjectsTest,223,55,0.24663677130044842
C:\Users\Aymen\IdeaProjects\TP13913\jfreechart-master\src\test\java\org\jfree\chart\labels\StandardXYZToolTipGeneratorTest.java,org.jfree.chart.labels,StandardXYZToolTipGeneratorTest,93,23,0.24731182795698925
C:\Users\Aymen\IdeaProjects\TP13913\jfreechart-master\src\test\java\org\jfree\chart\renderer\xy\XYErrorRendererTest.java,org.jfree.chart.renderer.xy,XYErrorRendererTest,97,24,0.24742268041237114
C:\Users\Aymen\IdeaProjects\TP13913\jfreechart-master\src\test\java\org\jfree\chart\axis\AxisLocationTest.java,org.jfree.chart.axis,AxisLocationTest,32,8,0.25
C:\Users\Aymen\IdeaProjects\TP13913\jfreechart-master\src\test\java\org\jfree\chart\entity\TickLabelEntityTest.java,org.jfree.chart.entity,TickLabelEntityTest,44,11,0.25
C:\Users\Aymen\IdeaProjects\TP13913\jfreechart-master\src\test\java\org\jfree\chart\plot\compass\ArrowNeedleTest.java,org.jfree.chart.plot.compass,ArrowNeedleTest,32,8,0.25
C:\Users\Aymen\IdeaProjects\TP13913\jfreechart-master\src\test\java\org\jfree\chart\renderer\DefaultPolarItemRendererTest.java,org.jfree.chart.renderer,DefaultPolarItemRendererTest,44,11,0.25
C:\Users\Aymen\IdeaProjects\TP13913\jfreechart-master\src\test\java\org\jfree\data\statistics\MeanAndStandardDeviationTest.java,org.jfree.data.statistics,MeanAndStandardDeviationTest,32,8,0.25
C:\Users\Aymen\IdeaProjects\TP13913\jfreechart-master\src\test\java\org\jfree\data\xy\XYDataItemTest.java,org.jfree.data.xy,XYDataItemTest,32,8,0.25
C:\Users\Aymen\IdeaProjects\TP13913\jfreechart-master\src\test\java\org\jfree\chart\annotations\CategoryLineAnnotationTest.java,org.jfree.chart.annotations,CategoryLineAnnotationTest,107,27,0.2523364485981308
C:\Users\Aymen\IdeaProjects\TP13913\jfreechart-master\src\test\java\org\jfree\chart\labels\BubbleXYItemLabelGeneratorTest.java,org.jfree.chart.labels,BubbleXYItemLabelGeneratorTest,107,27,0.2523364485981308
C:\Users\Aymen\IdeaProjects\TP13913\jfreechart-master\src\test\java\org\jfree\chart\labels\StandardXYToolTipGeneratorTest.java,org.jfree.chart.labels,StandardXYToolTipGeneratorTest,83,21,0.25301204819277107
C:\Users\Aymen\IdeaProjects\TP13913\jfreechart-master\src\test\java\org\jfree\chart\labels\StandardPieToolTipGeneratorTest.java,org.jfree.chart.labels,StandardPieToolTipGeneratorTest,75,19,0.25333333333333335
C:\Users\Aymen\IdeaProjects\TP13913\jfreechart-master\src\test\java\org\jfree\chart\plot\dial\DialBackgroundTest.java,org.jfree.chart.plot.dial,DialBackgroundTest,75,19,0.25333333333333335
C:\Users\Aymen\IdeaProjects\TP13913\jfreechart-master\src\test\java\org\jfree\data\general\DatasetUtilsTest.java,org.jfree.data.general,DatasetUtilsTest,1045,265,0.2535885167464115
C:\Users\Aymen\IdeaProjects\TP13913\jfreechart-master\src\test\java\org\jfree\chart\plot\compass\CompassPlotTest.java,org.jfree.chart.plot.compass,CompassPlotTest,67,17,0.2537313432835821
C:\Users\Aymen\IdeaProjects\TP13913\jfreechart-master\src\test\java\org\jfree\chart\renderer\category\StackedAreaRendererTest.java,org.jfree.chart.renderer.category,StackedAreaRendererTest,67,17,0.2537313432835821
C:\Users\Aymen\IdeaProjects\TP13913\jfreechart-master\src\test\java\org\jfree\chart\urls\StandardPieURLGeneratorTest.java,org.jfree.chart.urls,StandardPieURLGeneratorTest,59,15,0.2542372881355932
C:\Users\Aymen\IdeaProjects\TP13913\jfreechart-master\src\test\java\org\jfree\chart\axis\PeriodAxisTest.java,org.jfree.chart.axis,PeriodAxisTest,184,47,0.2554347826086957
C:\Users\Aymen\IdeaProjects\TP13913\jfreechart-master\src\test\java\org\jfree\data\xy\YIntervalTest.java,org.jfree.data.xy,YIntervalTest,35,9,0.2571428571428571
C:\Users\Aymen\IdeaProjects\TP13913\jfreechart-master\src\test\java\org\jfree\data\xy\YWithXIntervalTest.java,org.jfree.data.xy,YWithXIntervalTest,35,9,0.2571428571428571
C:\Users\Aymen\IdeaProjects\TP13913\jfreechart-master\src\test\java\org\jfree\chart\renderer\xy\XYSplineRendererTest.java,org.jfree.chart.renderer.xy,XYSplineRendererTest,66,17,0.25757575757575757
C:\Users\Aymen\IdeaProjects\TP13913\jfreechart-master\src\test\java\org\jfree\chart\annotations\XYLineAnnotationTest.java,org.jfree.chart.annotations,XYLineAnnotationTest,128,33,0.2578125
C:\Users\Aymen\IdeaProjects\TP13913\jfreechart-master\src\test\java\org\jfree\chart\labels\MultipleXYSeriesLabelGeneratorTest.java,org.jfree.chart.labels,MultipleXYSeriesLabelGeneratorTest,58,15,0.25862068965517243
C:\Users\Aymen\IdeaProjects\TP13913\jfreechart-master\src\test\java\org\jfree\chart\entity\CategoryLabelEntityTest.java,org.jfree.chart.entity,CategoryLabelEntityTest,50,13,0.26
C:\Users\Aymen\IdeaProjects\TP13913\jfreechart-master\src\test\java\org\jfree\chart\axis\DateTickTest.java,org.jfree.chart.axis,DateTickTest,73,19,0.2602739726027397
C:\Users\Aymen\IdeaProjects\TP13913\jfreechart-master\src\test\java\org\jfree\chart\api\RectangleAlignmentTest.java,org.jfree.chart.api,RectangleAlignmentTest,46,12,0.2608695652173913
C:\Users\Aymen\IdeaProjects\TP13913\jfreechart-master\src\test\java\org\jfree\chart\renderer\category\GradientBarPainterTest.java,org.jfree.chart.renderer.category,GradientBarPainterTest,46,12,0.2608695652173913
C:\Users\Aymen\IdeaProjects\TP13913\jfreechart-master\src\test\java\org\jfree\chart\renderer\xy\GradientXYBarPainterTest.java,org.jfree.chart.renderer.xy,GradientXYBarPainterTest,46,12,0.2608695652173913
C:\Users\Aymen\IdeaProjects\TP13913\jfreechart-master\src\test\java\org\jfree\chart\legend\LegendTitleTest.java,org.jfree.chart.legend,LegendTitleTest,84,22,0.2619047619047619
C:\Users\Aymen\IdeaProjects\TP13913\jfreechart-master\src\test\java\org\jfree\chart\plot\dial\DialCapTest.java,org.jfree.chart.plot.dial,DialCapTest,84,22,0.2619047619047619
C:\Users\Aymen\IdeaProjects\TP13913\jfreechart-master\src\test\java\org\jfree\data\xy\VectorSeriesCollectionTest.java,org.jfree.data.xy,VectorSeriesCollectionTest,80,21,0.2625
C:\Users\Aymen\IdeaProjects\TP13913\jfreechart-master\src\test\java\org\jfree\chart\block\BlockContainerTest.java,org.jfree.chart.block,BlockContainerTest,38,10,0.2631578947368421
C:\Users\Aymen\IdeaProjects\TP13913\jfreechart-master\src\test\java\org\jfree\chart\entity\XYItemEntityTest.java,org.jfree.chart.entity,XYItemEntityTest,57,15,0.2631578947368421
C:\Users\Aymen\IdeaProjects\TP13913\jfreechart-master\src\test\java\org\jfree\data\time\TimeSeriesCollectionTest.java,org.jfree.data.time,TimeSeriesCollectionTest,307,81,0.26384364820846906
C:\Users\Aymen\IdeaProjects\TP13913\jfreechart-master\src\test\java\org\jfree\chart\renderer\category\WaterfallBarRendererTest.java,org.jfree.chart.renderer.category,WaterfallBarRendererTest,72,19,0.2638888888888889
C:\Users\Aymen\IdeaProjects\TP13913\jfreechart-master\src\test\java\org\jfree\chart\block\RectangleConstraintTest.java,org.jfree.chart.block,RectangleConstraintTest,68,18,0.2647058823529412
C:\Users\Aymen\IdeaProjects\TP13913\jfreechart-master\src\test\java\org\jfree\chart\renderer\category\StackedBarRendererTest.java,org.jfree.chart.renderer.category,StackedBarRendererTest,68,18,0.2647058823529412
C:\Users\Aymen\IdeaProjects\TP13913\jfreechart-master\src\test\java\org\jfree\data\DefaultKeyedValueTest.java,org.jfree.data,DefaultKeyedValueTest,60,16,0.26666666666666666
C:\Users\Aymen\IdeaProjects\TP13913\jfreechart-master\src\test\java\org\jfree\data\statistics\DefaultBoxAndWhiskerCategoryDatasetTest.java,org.jfree.data.statistics,DefaultBoxAndWhiskerCategoryDatasetTest,172,46,0.26744186046511625
C:\Users\Aymen\IdeaProjects\TP13913\jfreechart-master\src\test\java\org\jfree\data\time\ohlc\OHLCTest.java,org.jfree.data.time.ohlc,OHLCTest,48,13,0.2708333333333333
C:\Users\Aymen\IdeaProjects\TP13913\jfreechart-master\src\test\java\org\jfree\data\time\TimeSeriesTest.java,org.jfree.data.time,TimeSeriesTest,786,214,0.272264631043257
C:\Users\Aymen\IdeaProjects\TP13913\jfreechart-master\src\test\java\org\jfree\chart\title\DateTitleTest.java,org.jfree.chart.title,DateTitleTest,55,15,0.2727272727272727
C:\Users\Aymen\IdeaProjects\TP13913\jfreechart-master\src\test\java\org\jfree\chart\renderer\category\BarRendererTest.java,org.jfree.chart.renderer.category,BarRendererTest,183,50,0.273224043715847
C:\Users\Aymen\IdeaProjects\TP13913\jfreechart-master\src\test\java\org\jfree\chart\plot\FastScatterPlotTest.java,org.jfree.chart.plot,FastScatterPlotTest,139,38,0.2733812949640288
C:\Users\Aymen\IdeaProjects\TP13913\jfreechart-master\src\test\java\org\jfree\chart\block\LabelBlockTest.java,org.jfree.chart.block,LabelBlockTest,73,20,0.273972602739726
C:\Users\Aymen\IdeaProjects\TP13913\jfreechart-master\src\test\java\org\jfree\chart\axis\MarkerAxisBandTest.java,org.jfree.chart.axis,MarkerAxisBandTest,51,14,0.27450980392156865
C:\Users\Aymen\IdeaProjects\TP13913\jfreechart-master\src\test\java\org\jfree\chart\renderer\xy\XYLineAndShapeRendererTest.java,org.jfree.chart.renderer.xy,XYLineAndShapeRendererTest,196,54,0.2755102040816326
C:\Users\Aymen\IdeaProjects\TP13913\jfreechart-master\src\test\java\org\jfree\data\xy\DefaultTableXYDatasetTest.java,org.jfree.data.xy,DefaultTableXYDatasetTest,111,31,0.27927927927927926
C:\Users\Aymen\IdeaProjects\TP13913\jfreechart-master\src\test\java\org\jfree\chart\axis\ValueAxisTest.java,org.jfree.chart.axis,ValueAxisTest,139,39,0.2805755395683453
C:\Users\Aymen\IdeaProjects\TP13913\jfreechart-master\src\test\java\org\jfree\chart\plot\dial\AbstractDialLayerTest.java,org.jfree.chart.plot.dial,AbstractDialLayerTest,39,11,0.28205128205128205
C:\Users\Aymen\IdeaProjects\TP13913\jfreechart-master\src\test\java\org\jfree\chart\title\TitleTest.java,org.jfree.chart.title,TitleTest,39,11,0.28205128205128205
C:\Users\Aymen\IdeaProjects\TP13913\jfreechart-master\src\test\java\org\jfree\chart\plot\dial\DialPointerTest.java,org.jfree.chart.plot.dial,DialPointerTest,85,24,0.2823529411764706
C:\Users\Aymen\IdeaProjects\TP13913\jfreechart-master\src\test\java\org\jfree\chart\renderer\xy\YIntervalRendererTest.java,org.jfree.chart.renderer.xy,YIntervalRendererTest,152,43,0.28289473684210525
C:\Users\Aymen\IdeaProjects\TP13913\jfreechart-master\src\test\java\org\jfree\chart\entity\LegendItemEntityTest.java,org.jfree.chart.entity,LegendItemEntityTest,53,15,0.2830188679245283
C:\Users\Aymen\IdeaProjects\TP13913\jfreechart-master\src\test\java\org\jfree\chart\text\format\LogFormatTest.java,org.jfree.chart.text.format,LogFormatTest,53,15,0.2830188679245283
C:\Users\Aymen\IdeaProjects\TP13913\jfreechart-master\src\test\java\org\jfree\chart\plot\dial\StandardDialRangeTest.java,org.jfree.chart.plot.dial,StandardDialRangeTest,60,17,0.2833333333333333
C:\Users\Aymen\IdeaProjects\TP13913\jfreechart-master\src\test\java\org\jfree\chart\plot\dial\StandardDialFrameTest.java,org.jfree.chart.plot.dial,StandardDialFrameTest,67,19,0.2835820895522388
C:\Users\Aymen\IdeaProjects\TP13913\jfreechart-master\src\test\java\org\jfree\chart\plot\PlotOrientationTest.java,org.jfree.chart.plot,PlotOrientationTest,21,6,0.2857142857142857
C:\Users\Aymen\IdeaProjects\TP13913\jfreechart-master\src\test\java\org\jfree\data\flow\FlowKeyTest.java,org.jfree.data.flow,FlowKeyTest,35,10,0.2857142857142857
C:\Users\Aymen\IdeaProjects\TP13913\jfreechart-master\src\test\java\org\jfree\data\flow\NodeKeyTest.java,org.jfree.data.flow,NodeKeyTest,35,10,0.2857142857142857
C:\Users\Aymen\IdeaProjects\TP13913\jfreechart-master\src\test\java\org\jfree\chart\axis\CyclicNumberAxisTest.java,org.jfree.chart.axis,CyclicNumberAxisTest,66,19,0.2878787878787879
C:\Users\Aymen\IdeaProjects\TP13913\jfreechart-master\src\test\java\org\jfree\chart\imagemap\ImageMapUtilsTest.java,org.jfree.chart.imagemap,ImageMapUtilsTest,59,17,0.288135593220339
C:\Users\Aymen\IdeaProjects\TP13913\jfreechart-master\src\test\java\org\jfree\data\statistics\DefaultStatisticalCategoryDatasetTest.java,org.jfree.data.statistics,DefaultStatisticalCategoryDatasetTest,159,46,0.2893081761006289
C:\Users\Aymen\IdeaProjects\TP13913\jfreechart-master\src\test\java\org\jfree\data\KeyToGroupMapTest.java,org.jfree.data,KeyToGroupMapTest,124,36,0.2903225806451613
C:\Users\Aymen\IdeaProjects\TP13913\jfreechart-master\src\test\java\org\jfree\chart\plot\pie\MultiplePiePlotTest.java,org.jfree.chart.plot.pie,MultiplePiePlotTest,110,32,0.2909090909090909
C:\Users\Aymen\IdeaProjects\TP13913\jfreechart-master\src\test\java\org\jfree\chart\entity\PieSectionEntityTest.java,org.jfree.chart.entity,PieSectionEntityTest,65,19,0.2923076923076923
C:\Users\Aymen\IdeaProjects\TP13913\jfreechart-master\src\test\java\org\jfree\data\xy\XIntervalSeriesTest.java,org.jfree.data.xy,XIntervalSeriesTest,174,51,0.29310344827586204
C:\Users\Aymen\IdeaProjects\TP13913\jfreechart-master\src\test\java\org\jfree\data\time\TimeTableXYDatasetTest.java,org.jfree.data.time,TimeTableXYDatasetTest,85,25,0.29411764705882354
C:\Users\Aymen\IdeaProjects\TP13913\jfreechart-master\src\test\java\org\jfree\chart\block\BorderArrangementTest.java,org.jfree.chart.block,BorderArrangementTest,522,154,0.2950191570881226
C:\Users\Aymen\IdeaProjects\TP13913\jfreechart-master\src\test\java\org\jfree\chart\renderer\OutlierTest.java,org.jfree.chart.renderer,OutlierTest,44,13,0.29545454545454547
C:\Users\Aymen\IdeaProjects\TP13913\jfreechart-master\src\test\java\org\jfree\data\xy\YIntervalSeriesTest.java,org.jfree.data.xy,YIntervalSeriesTest,158,47,0.2974683544303797
C:\Users\Aymen\IdeaProjects\TP13913\jfreechart-master\src\test\java\org\jfree\chart\legend\PaintScaleLegendTest.java,org.jfree.chart.legend,PaintScaleLegendTest,94,28,0.2978723404255319
C:\Users\Aymen\IdeaProjects\TP13913\jfreechart-master\src\test\java\org\jfree\data\statistics\DefaultBoxAndWhiskerXYDatasetTest.java,org.jfree.data.statistics,DefaultBoxAndWhiskerXYDatasetTest,97,29,0.29896907216494845
C:\Users\Aymen\IdeaProjects\TP13913\jfreechart-master\src\test\java\org\jfree\chart\axis\CategoryAnchorTest.java,org.jfree.chart.axis,CategoryAnchorTest,30,9,0.3
C:\Users\Aymen\IdeaProjects\TP13913\jfreechart-master\src\test\java\org\jfree\chart\plot\ValueMarkerTest.java,org.jfree.chart.plot,ValueMarkerTest,140,42,0.3
C:\Users\Aymen\IdeaProjects\TP13913\jfreechart-master\src\test\java\org\jfree\data\xy\VectorSeriesTest.java,org.jfree.data.xy,VectorSeriesTest,160,48,0.3
C:\Users\Aymen\IdeaProjects\TP13913\jfreechart-master\src\test\java\org\jfree\data\xy\XYSeriesCollectionTest.java,org.jfree.data.xy,XYSeriesCollectionTest,313,94,0.3003194888178914
C:\Users\Aymen\IdeaProjects\TP13913\jfreechart-master\src\test\java\org\jfree\chart\plot\dial\DialTextAnnotationTest.java,org.jfree.chart.plot.dial,DialTextAnnotationTest,73,22,0.3013698630136986
C:\Users\Aymen\IdeaProjects\TP13913\jfreechart-master\src\test\java\org\jfree\data\KeyedObjectTest.java,org.jfree.data,KeyedObjectTest,53,16,0.3018867924528302
C:\Users\Aymen\IdeaProjects\TP13913\jfreechart-master\src\test\java\org\jfree\data\xy\VectorDataItemTest.java,org.jfree.data.xy,VectorDataItemTest,53,16,0.3018867924528302
C:\Users\Aymen\IdeaProjects\TP13913\jfreechart-master\src\test\java\org\jfree\data\xy\XYIntervalTest.java,org.jfree.data.xy,XYIntervalTest,43,13,0.3023255813953488
C:\Users\Aymen\IdeaProjects\TP13913\jfreechart-master\src\test\java\org\jfree\chart\axis\ExtendedCategoryAxisTest.java,org.jfree.chart.axis,ExtendedCategoryAxisTest,79,24,0.3037974683544304
C:\Users\Aymen\IdeaProjects\TP13913\jfreechart-master\src\test\java\org\jfree\chart\renderer\xy\CandlestickRendererTest.java,org.jfree.chart.renderer.xy,CandlestickRendererTest,125,38,0.304
C:\Users\Aymen\IdeaProjects\TP13913\jfreechart-master\src\test\java\org\jfree\chart\plot\pie\PiePlotTest.java,org.jfree.chart.plot.pie,PiePlotTest,467,142,0.30406852248394006
C:\Users\Aymen\IdeaProjects\TP13913\jfreechart-master\src\test\java\org\jfree\data\gantt\TaskSeriesCollectionTest.java,org.jfree.data.gantt,TaskSeriesCollectionTest,430,132,0.30697674418604654
C:\Users\Aymen\IdeaProjects\TP13913\jfreechart-master\src\test\java\org\jfree\chart\title\TextTitleTest.java,org.jfree.chart.title,TextTitleTest,81,25,0.30864197530864196
C:\Users\Aymen\IdeaProjects\TP13913\jfreechart-master\src\test\java\org\jfree\data\ComparableObjectSeriesTest.java,org.jfree.data,ComparableObjectSeriesTest,110,34,0.3090909090909091
C:\Users\Aymen\IdeaProjects\TP13913\jfreechart-master\src\test\java\org\jfree\chart\plot\pie\PieLabelRecordTest.java,org.jfree.chart.plot.pie,PieLabelRecordTest,58,18,0.3103448275862069
C:\Users\Aymen\IdeaProjects\TP13913\jfreechart-master\src\test\java\org\jfree\chart\labels\StandardXYItemLabelGeneratorTest.java,org.jfree.chart.labels,StandardXYItemLabelGeneratorTest,103,32,0.3106796116504854
C:\Users\Aymen\IdeaProjects\TP13913\jfreechart-master\src\test\java\org\jfree\chart\renderer\category\AbstractCategoryItemRendererTest.java,org.jfree.chart.renderer.category,AbstractCategoryItemRendererTest,209,65,0.31100478468899523
C:\Users\Aymen\IdeaProjects\TP13913\jfreechart-master\src\test\java\org\jfree\chart\entity\FlowEntityTest.java,org.jfree.chart.entity,FlowEntityTest,45,14,0.3111111111111111
C:\Users\Aymen\IdeaProjects\TP13913\jfreechart-master\src\test\java\org\jfree\chart\plot\PlotTest.java,org.jfree.chart.plot,PlotTest,90,28,0.3111111111111111
C:\Users\Aymen\IdeaProjects\TP13913\jfreechart-master\src\test\java\org\jfree\chart\annotations\CategoryPointerAnnotationTest.java,org.jfree.chart.annotations,CategoryPointerAnnotationTest,96,30,0.3125
C:\Users\Aymen\IdeaProjects\TP13913\jfreechart-master\src\test\java\org\jfree\chart\annotations\XYPointerAnnotationTest.java,org.jfree.chart.annotations,XYPointerAnnotationTest,96,30,0.3125
C:\Users\Aymen\IdeaProjects\TP13913\jfreechart-master\src\test\java\org\jfree\chart\renderer\GrayPaintScaleTest.java,org.jfree.chart.renderer,GrayPaintScaleTest,64,20,0.3125
C:\Users\Aymen\IdeaProjects\TP13913\jfreechart-master\src\test\java\org\jfree\data\xy\XYIntervalSeriesTest.java,org.jfree.data.xy,XYIntervalSeriesTest,169,53,0.3136094674556213
C:\Users\Aymen\IdeaProjects\TP13913\jfreechart-master\src\test\java\org\jfree\chart\plot\dial\ArcDialFrameTest.java,org.jfree.chart.plot.dial,ArcDialFrameTest,79,25,0.31645569620253167
C:\Users\Aymen\IdeaProjects\TP13913\jfreechart-master\src\test\java\org\jfree\data\gantt\TaskTest.java,org.jfree.data.gantt,TaskTest,60,19,0.31666666666666665
C:\Users\Aymen\IdeaProjects\TP13913\jfreechart-master\src\test\java\org\jfree\chart\axis\AxisSpaceTest.java,org.jfree.chart.axis,AxisSpaceTest,44,14,0.3181818181818182
C:\Users\Aymen\IdeaProjects\TP13913\jfreechart-master\src\test\java\org\jfree\chart\annotations\XYTextAnnotationTest.java,org.jfree.chart.annotations,XYTextAnnotationTest,100,32,0.32
C:\Users\Aymen\IdeaProjects\TP13913\jfreechart-master\src\test\java\org\jfree\chart\axis\SymbolAxisTest.java,org.jfree.chart.axis,SymbolAxisTest,50,16,0.32
C:\Users\Aymen\IdeaProjects\TP13913\jfreechart-master\src\test\java\org\jfree\chart\renderer\xy\XYShapeRendererTest.java,org.jfree.chart.renderer.xy,XYShapeRendererTest,103,33,0.32038834951456313
C:\Users\Aymen\IdeaProjects\TP13913\jfreechart-master\src\test\java\org\jfree\chart\plot\PlotRenderingInfoTest.java,org.jfree.chart.plot,PlotRenderingInfoTest,56,18,0.32142857142857145
C:\Users\Aymen\IdeaProjects\TP13913\jfreechart-master\src\test\java\org\jfree\chart\plot\RingPlotTest.java,org.jfree.chart.plot,RingPlotTest,87,28,0.3218390804597701
C:\Users\Aymen\IdeaProjects\TP13913\jfreechart-master\src\test\java\org\jfree\chart\axis\DateTickMarkPositionTest.java,org.jfree.chart.axis,DateTickMarkPositionTest,31,10,0.3225806451612903
C:\Users\Aymen\IdeaProjects\TP13913\jfreechart-master\src\test\java\org\jfree\chart\legend\LegendGraphicTest.java,org.jfree.chart.legend,LegendGraphicTest,127,41,0.3228346456692913
C:\Users\Aymen\IdeaProjects\TP13913\jfreechart-master\src\test\java\org\jfree\chart\TestUtils.java,org.jfree.chart,TestUtils,102,33,0.3235294117647059
C:\Users\Aymen\IdeaProjects\TP13913\jfreechart-master\src\test\java\org\jfree\chart\plot\SpiderWebPlotTest.java,org.jfree.chart.plot,SpiderWebPlotTest,213,69,0.323943661971831
C:\Users\Aymen\IdeaProjects\TP13913\jfreechart-master\src\test\java\org\jfree\data\xy\DefaultIntervalXYDatasetTest.java,org.jfree.data.xy,DefaultIntervalXYDatasetTest,218,71,0.3256880733944954
C:\Users\Aymen\IdeaProjects\TP13913\jfreechart-master\src\test\java\org\jfree\data\DataUtilsTest.java,org.jfree.data,DataUtilsTest,154,51,0.33116883116883117
C:\Users\Aymen\IdeaProjects\TP13913\jfreechart-master\src\test\java\org\jfree\chart\block\AbstractBlockTest.java,org.jfree.chart.block,AbstractBlockTest,78,26,0.3333333333333333
C:\Users\Aymen\IdeaProjects\TP13913\jfreechart-master\src\test\java\org\jfree\chart\plot\ThermometerPlotTest.java,org.jfree.chart.plot,ThermometerPlotTest,111,37,0.3333333333333333
C:\Users\Aymen\IdeaProjects\TP13913\jfreechart-master\src\test\java\org\jfree\chart\renderer\AbstractRendererTest.java,org.jfree.chart.renderer,AbstractRendererTest,552,185,0.3351449275362319
C:\Users\Aymen\IdeaProjects\TP13913\jfreechart-master\src\test\java\org\jfree\data\time\ohlc\OHLCItemTest.java,org.jfree.data.time.ohlc,OHLCItemTest,68,23,0.3382352941176471
C:\Users\Aymen\IdeaProjects\TP13913\jfreechart-master\src\test\java\org\jfree\chart\plot\dial\DialValueIndicatorTest.java,org.jfree.chart.plot.dial,DialValueIndicatorTest,109,37,0.3394495412844037
C:\Users\Aymen\IdeaProjects\TP13913\jfreechart-master\src\test\java\org\jfree\data\xy\XIntervalDataItemTest.java,org.jfree.data.xy,XIntervalDataItemTest,53,18,0.33962264150943394
C:\Users\Aymen\IdeaProjects\TP13913\jfreechart-master\src\test\java\org\jfree\data\xy\YIntervalDataItemTest.java,org.jfree.data.xy,YIntervalDataItemTest,53,18,0.33962264150943394
C:\Users\Aymen\IdeaProjects\TP13913\jfreechart-master\src\test\java\org\jfree\chart\plot\MeterPlotTest.java,org.jfree.chart.plot,MeterPlotTest,144,49,0.3402777777777778
C:\Users\Aymen\IdeaProjects\TP13913\jfreechart-master\src\test\java\org\jfree\chart\plot\compass\MeterNeedleTest.java,org.jfree.chart.plot.compass,MeterNeedleTest,44,15,0.3409090909090909
C:\Users\Aymen\IdeaProjects\TP13913\jfreechart-master\src\test\java\org\jfree\chart\plot\PolarPlotTest.java,org.jfree.chart.plot,PolarPlotTest,260,89,0.3423076923076923
C:\Users\Aymen\IdeaProjects\TP13913\jfreechart-master\src\test\java\org\jfree\chart\axis\AxisTest.java,org.jfree.chart.axis,AxisTest,165,57,0.34545454545454546
C:\Users\Aymen\IdeaProjects\TP13913\jfreechart-master\src\test\java\org\jfree\data\DefaultKeyedValuesTest.java,org.jfree.data,DefaultKeyedValuesTest,308,107,0.3474025974025974
C:\Users\Aymen\IdeaProjects\TP13913\jfreechart-master\src\test\java\org\jfree\chart\axis\CategoryAxisTest.java,org.jfree.chart.axis,CategoryAxisTest,109,38,0.3486238532110092
C:\Users\Aymen\IdeaProjects\TP13913\jfreechart-master\src\test\java\org\jfree\chart\plot\CrosshairTest.java,org.jfree.chart.plot,CrosshairTest,111,39,0.35135135135135137
C:\Users\Aymen\IdeaProjects\TP13913\jfreechart-master\src\test\java\org\jfree\data\general\DefaultHeatMapDatasetTest.java,org.jfree.data.general,DefaultHeatMapDatasetTest,108,38,0.35185185185185186
C:\Users\Aymen\IdeaProjects\TP13913\jfreechart-master\src\test\java\org\jfree\data\xy\XYIntervalDataItemTest.java,org.jfree.data.xy,XYIntervalDataItemTest,68,24,0.35294117647058826
C:\Users\Aymen\IdeaProjects\TP13913\jfreechart-master\src\test\java\org\jfree\data\statistics\HistogramDatasetTest.java,org.jfree.data.statistics,HistogramDatasetTest,141,51,0.3617021276595745
C:\Users\Aymen\IdeaProjects\TP13913\jfreechart-master\src\test\java\org\jfree\data\xy\MatrixSeriesTest.java,org.jfree.data.xy,MatrixSeriesTest,88,32,0.36363636363636365
C:\Users\Aymen\IdeaProjects\TP13913\jfreechart-master\src\test\java\org\jfree\data\xy\XYSeriesTest.java,org.jfree.data.xy,XYSeriesTest,512,187,0.365234375
C:\Users\Aymen\IdeaProjects\TP13913\jfreechart-master\src\test\java\org\jfree\data\xy\CategoryTableXYDatasetTest.java,org.jfree.data.xy,CategoryTableXYDatasetTest,101,38,0.37623762376237624
C:\Users\Aymen\IdeaProjects\TP13913\jfreechart-master\src\test\java\org\jfree\chart\StandardChartThemeTest.java,org.jfree.chart,StandardChartThemeTest,160,61,0.38125
C:\Users\Aymen\IdeaProjects\TP13913\jfreechart-master\src\test\java\org\jfree\data\RangeTest.java,org.jfree.data,RangeTest,213,82,0.38497652582159625
C:\Users\Aymen\IdeaProjects\TP13913\jfreechart-master\src\test\java\org\jfree\chart\plot\dial\StandardDialScaleTest.java,org.jfree.chart.plot.dial,StandardDialScaleTest,155,61,0.3935483870967742
C:\Users\Aymen\IdeaProjects\TP13913\jfreechart-master\src\test\java\org\jfree\chart\text\format\HMSNumberFormatTest.java,org.jfree.chart.text.format,HMSNumberFormatTest,15,6,0.4
C:\Users\Aymen\IdeaProjects\TP13913\jfreechart-master\src\test\java\org\jfree\data\DomainOrderTest.java,org.jfree.data,DomainOrderTest,36,15,0.4166666666666667
C:\Users\Aymen\IdeaProjects\TP13913\jfreechart-master\src\test\java\org\jfree\data\RangeTypeTest.java,org.jfree.data,RangeTypeTest,36,15,0.4166666666666667
C:\Users\Aymen\IdeaProjects\TP13913\jfreechart-master\src\test\java\org\jfree\chart\internal\LineUtilsTest.java,org.jfree.chart.internal,LineUtilsTest,78,34,0.4358974358974359
C:\Users\Aymen\IdeaProjects\TP13913\jfreechart-master\src\test\java\org\jfree\data\statistics\SimpleHistogramBinTest.java,org.jfree.data.statistics,SimpleHistogramBinTest,89,39,0.43820224719101125
C:\Users\Aymen\IdeaProjects\TP13913\jfreechart-master\src\test\java\org\jfree\chart\renderer\LookupPaintScaleTest.java,org.jfree.chart.renderer,LookupPaintScaleTest,108,49,0.4537037037037037
C:\Users\Aymen\IdeaProjects\TP13913\jfreechart-master\src\test\java\org\jfree\chart\renderer\RendererUtilsTest.java,org.jfree.chart.renderer,RendererUtilsTest,233,120,0.5150214592274678
